Nr,Account,Posting Date,Transaction Date,Description,Original Description,Parent Category,Category,Money In,Money Out,Fee,Balance
1,62700723727,2026-06-01,2026-06-01,"RENT JUNE LANDLORD","RENT JUNE LANDLORD",,,,-5500.00,,7318.39
2,62700723727,2026-06-02,2026-06-02,"PREPAID ELECTRICITY","PREPAID ELECTRICITY",,,,-227.05,,7091.34
3,62700723727,2026-06-02,2026-06-02,"SHOPRITE SOWETO","SHOPRITE SOWETO",,,,-745.54,,6345.80
4,62700723727,2026-06-03,2026-06-03,"OLD MUTUAL FUNERAL COVER","OLD MUTUAL FUNERAL COVER",,,,-400.00,,5945.80
5,62700723727,2026-06-04,2026-06-04,"ENGEN GARAGE N1","ENGEN GARAGE N1",,,,-351.55,,5594.25
6,62700723727,2026-06-06,2026-06-06,"VODACOM AIRTIME AND DATA","VODACOM AIRTIME AND DATA",,,,-215.38,,5378.87
7,62700723727,2026-06-07,2026-06-07,"CITY OF JOHANNESBURG RATES WATER","CITY OF JOHANNESBURG RATES WATER",,,,-269.51,,5109.36
8,62700723727,2026-06-08,2026-06-08,"POSTNET COPIES AND COURIER","POSTNET COPIES AND COURIER",,,,-100.17,,5009.19
9,62700723727,2026-06-09,2026-06-09,"CLICKS PHARMACY","CLICKS PHARMACY",,,,-206.18,,4803.01
10,62700723727,2026-06-09,2026-06-09,"BOXER SUPERSTORES RANDBURG","BOXER SUPERSTORES RANDBURG",,,,-707.91,,4095.10
11,62700723727,2026-06-11,2026-06-11,"SHELL ULTRA CITY","SHELL ULTRA CITY",,,,-343.63,,3751.47
12,62700723727,2026-06-12,2026-06-12,"DEBONAIRS PIZZA","DEBONAIRS PIZZA",,,,-217.42,,3534.05
13,62700723727,2026-06-16,2026-06-16,"PREPAID ELECTRICITY","PREPAID ELECTRICITY",,,,-173.62,,3360.43
14,62700723727,2026-06-17,2026-06-17,"USAVE SOWETO","USAVE SOWETO",,,,-795.26,,2565.17
15,62700723727,2026-06-18,2026-06-18,"ENGEN GARAGE","ENGEN GARAGE",,,,-373.69,,2191.48
16,62700723727,2026-06-20,2026-06-20,"ATM WITHDRAWAL","ATM WITHDRAWAL",,,,-700.00,,1491.48
17,62700723727,2026-06-21,2026-06-21,"DIS-CHEM PHARMACY","DIS-CHEM PHARMACY",,,,-186.05,,1305.43
18,62700723727,2026-06-22,2026-06-22,"HARDWARE STORE HOUSEHOLD","HARDWARE STORE HOUSEHOLD",,,,-105.43,,1200.00
19,62700723727,2026-06-25,2026-06-25,"SALARY METRO LOGISTICS","SALARY METRO LOGISTICS",,,23581.79,,,24781.79
20,62700723727,2026-06-25,2026-06-25,"SASOL GARAGE","SASOL GARAGE",,,,-326.34,,24455.45
21,62700723727,2026-06-25,2026-06-25,"MTN TELECOM ARREARS INSTALMENT","MTN TELECOM ARREARS INSTALMENT",,,,-350.00,,24105.45
22,62700723727,2026-06-25,2026-06-25,"CAPITEC CREDIT CARD PAYMENT","CAPITEC CREDIT CARD PAYMENT",,,,-439.28,,23666.17
23,62700723727,2026-06-26,2026-06-26,"SPAR RANDBURG","SPAR RANDBURG",,,,-802.38,,22863.79
24,62700723727,2026-06-27,2026-06-27,"DEBONAIRS PIZZA","DEBONAIRS PIZZA",,,,-222.08,,22641.71
25,62700723727,2026-06-30,2026-06-30,"MONTHLY ACCOUNT FEE","MONTHLY ACCOUNT FEE",,,,-69.00,,22572.71
26,62700723727,2026-07-01,2026-07-01,"RENT JULY LANDLORD","RENT JULY LANDLORD",,,,-5500.00,,17072.71
27,62700723727,2026-07-02,2026-07-02,"PREPAID ELECTRICITY","PREPAID ELECTRICITY",,,,-211.46,,16861.25
28,62700723727,2026-07-02,2026-07-02,"SHOPRITE SOWETO","SHOPRITE SOWETO",,,,-734.85,,16126.40
29,62700723727,2026-07-03,2026-07-03,"OLD MUTUAL FUNERAL COVER","OLD MUTUAL FUNERAL COVER",,,,-400.00,,15726.40
30,62700723727,2026-07-04,2026-07-04,"ENGEN GARAGE N1","ENGEN GARAGE N1",,,,-372.55,,15353.85
31,62700723727,2026-07-06,2026-07-06,"VODACOM AIRTIME AND DATA","VODACOM AIRTIME AND DATA",,,,-237.60,,15116.25
32,62700723727,2026-07-07,2026-07-07,"CITY OF JOHANNESBURG RATES WATER","CITY OF JOHANNESBURG RATES WATER",,,,-288.28,,14827.97
33,62700723727,2026-07-08,2026-07-08,"POSTNET COPIES AND COURIER","POSTNET COPIES AND COURIER",,,,-103.96,,14724.01
34,62700723727,2026-07-09,2026-07-09,"CLICKS PHARMACY","CLICKS PHARMACY",,,,-187.02,,14536.99
35,62700723727,2026-07-09,2026-07-09,"BOXER SUPERSTORES RANDBURG","BOXER SUPERSTORES RANDBURG",,,,-707.60,,13829.39
36,62700723727,2026-07-11,2026-07-11,"SHELL ULTRA CITY","SHELL ULTRA CITY",,,,-373.42,,13455.97
37,62700723727,2026-07-12,2026-07-12,"DEBONAIRS PIZZA","DEBONAIRS PIZZA",,,,-261.44,,13194.53
38,62700723727,2026-07-16,2026-07-16,"PREPAID ELECTRICITY","PREPAID ELECTRICITY",,,,-189.99,,13004.54
39,62700723727,2026-07-17,2026-07-17,"USAVE SOWETO","USAVE SOWETO",,,,-726.83,,12277.71
40,62700723727,2026-07-18,2026-07-18,"ENGEN GARAGE","ENGEN GARAGE",,,,-362.25,,11915.46
41,62700723727,2026-07-20,2026-07-20,"ATM WITHDRAWAL","ATM WITHDRAWAL",,,,-700.00,,11215.46
42,62700723727,2026-07-21,2026-07-21,"DIS-CHEM PHARMACY","DIS-CHEM PHARMACY",,,,-196.77,,11018.69
43,62700723727,2026-07-22,2026-07-22,"HARDWARE STORE HOUSEHOLD","HARDWARE STORE HOUSEHOLD",,,,-101.18,,10917.51
44,62700723727,2026-07-24,2026-07-24,"SALARY METRO LOGISTICS","SALARY METRO LOGISTICS",,,23581.79,,,34499.30
45,62700723727,2026-07-25,2026-07-25,"SASOL GARAGE","SASOL GARAGE",,,,-347.21,,34152.09
46,62700723727,2026-07-25,2026-07-25,"MTN TELECOM ARREARS INSTALMENT","MTN TELECOM ARREARS INSTALMENT",,,,-350.00,,33802.09
47,62700723727,2026-07-25,2026-07-25,"CAPITEC CREDIT CARD PAYMENT","CAPITEC CREDIT CARD PAYMENT",,,,-439.28,,33362.81
48,62700723727,2026-07-26,2026-07-26,"SPAR RANDBURG","SPAR RANDBURG",,,,-759.68,,32603.13
49,62700723727,2026-07-27,2026-07-27,"DEBONAIRS PIZZA","DEBONAIRS PIZZA",,,,-185.39,,32417.74
50,62700723727,2026-07-31,2026-07-31,"MONTHLY ACCOUNT FEE","MONTHLY ACCOUNT FEE",,,,-69.00,,32348.74
51,62700723727,2026-08-01,2026-08-01,"RENT AUGUST LANDLORD","RENT AUGUST LANDLORD",,,,-5500.00,,26848.74
52,62700723727,2026-08-02,2026-08-02,"PREPAID ELECTRICITY","PREPAID ELECTRICITY",,,,-236.93,,26611.81
53,62700723727,2026-08-02,2026-08-02,"SHOPRITE SOWETO","SHOPRITE SOWETO",,,,-749.44,,25862.37
54,62700723727,2026-08-03,2026-08-03,"OLD MUTUAL FUNERAL COVER","OLD MUTUAL FUNERAL COVER",,,,-400.00,,25462.37
55,62700723727,2026-08-04,2026-08-04,"ENGEN GARAGE N1","ENGEN GARAGE N1",,,,-350.08,,25112.29
56,62700723727,2026-08-06,2026-08-06,"VODACOM AIRTIME AND DATA","VODACOM AIRTIME AND DATA",,,,-215.73,,24896.56
57,62700723727,2026-08-07,2026-08-07,"CITY OF JOHANNESBURG RATES WATER","CITY OF JOHANNESBURG RATES WATER",,,,-274.79,,24621.77
58,62700723727,2026-08-08,2026-08-08,"POSTNET COPIES AND COURIER","POSTNET COPIES AND COURIER",,,,-93.79,,24527.98
59,62700723727,2026-08-09,2026-08-09,"CLICKS PHARMACY","CLICKS PHARMACY",,,,-202.68,,24325.30
60,62700723727,2026-08-09,2026-08-09,"BOXER SUPERSTORES RANDBURG","BOXER SUPERSTORES RANDBURG",,,,-778.25,,23547.05
61,62700723727,2026-08-11,2026-08-11,"SHELL ULTRA CITY","SHELL ULTRA CITY",,,,-328.17,,23218.88
62,62700723727,2026-08-12,2026-08-12,"DEBONAIRS PIZZA","DEBONAIRS PIZZA",,,,-205.44,,23013.44
63,62700723727,2026-08-16,2026-08-16,"PREPAID ELECTRICITY","PREPAID ELECTRICITY",,,,-192.57,,22820.87
64,62700723727,2026-08-17,2026-08-17,"USAVE SOWETO","USAVE SOWETO",,,,-767.93,,22052.94
65,62700723727,2026-08-18,2026-08-18,"ENGEN GARAGE","ENGEN GARAGE",,,,-347.32,,21705.62
66,62700723727,2026-08-20,2026-08-20,"ATM WITHDRAWAL","ATM WITHDRAWAL",,,,-700.00,,21005.62
67,62700723727,2026-08-21,2026-08-21,"DIS-CHEM PHARMACY","DIS-CHEM PHARMACY",,,,-199.49,,20806.13
68,62700723727,2026-08-22,2026-08-22,"HARDWARE STORE HOUSEHOLD","HARDWARE STORE HOUSEHOLD",,,,-104.07,,20702.06
69,62700723727,2026-08-25,2026-08-25,"SALARY METRO LOGISTICS","SALARY METRO LOGISTICS",,,23581.79,,,44283.85
70,62700723727,2026-08-25,2026-08-25,"MTN TELECOM ARREARS INSTALMENT","MTN TELECOM ARREARS INSTALMENT",,,,-350.00,,43933.85
71,62700723727,2026-08-25,2026-08-25,"SASOL GARAGE","SASOL GARAGE",,,,-356.83,,43577.02
72,62700723727,2026-08-25,2026-08-25,"CAPITEC CREDIT CARD PAYMENT","CAPITEC CREDIT CARD PAYMENT",,,,-439.28,,43137.74
73,62700723727,2026-08-26,2026-08-26,"SPAR RANDBURG","SPAR RANDBURG",,,,-743.68,,42394.06
74,62700723727,2026-08-27,2026-08-27,"DEBONAIRS PIZZA","DEBONAIRS PIZZA",,,,-194.09,,42199.97
75,62700723727,2026-08-31,2026-08-31,"MONTHLY ACCOUNT FEE","MONTHLY ACCOUNT FEE",,,,-69.00,,42130.97
76,62700723727,2026-09-01,2026-09-01,"RENT SEPTEMBER LANDLORD","RENT SEPTEMBER LANDLORD",,,,-5500.00,,36630.97
77,62700723727,2026-09-02,2026-09-02,"PREPAID ELECTRICITY","PREPAID ELECTRICITY",,,,-226.34,,36404.63
78,62700723727,2026-09-02,2026-09-02,"SHOPRITE SOWETO","SHOPRITE SOWETO",,,,-793.55,,35611.08
79,62700723727,2026-09-03,2026-09-03,"OLD MUTUAL FUNERAL COVER","OLD MUTUAL FUNERAL COVER",,,,-400.00,,35211.08
80,62700723727,2026-09-04,2026-09-04,"ENGEN GARAGE N1","ENGEN GARAGE N1",,,,-369.26,,34841.82
81,62700723727,2026-09-06,2026-09-06,"VODACOM AIRTIME AND DATA","VODACOM AIRTIME AND DATA",,,,-236.89,,34604.93
82,62700723727,2026-09-07,2026-09-07,"CITY OF JOHANNESBURG RATES WATER","CITY OF JOHANNESBURG RATES WATER",,,,-263.91,,34341.02
83,62700723727,2026-09-08,2026-09-08,"POSTNET COPIES AND COURIER","POSTNET COPIES AND COURIER",,,,-100.76,,34240.26
84,62700723727,2026-09-09,2026-09-09,"CLICKS PHARMACY","CLICKS PHARMACY",,,,-213.98,,34026.28
85,62700723727,2026-09-09,2026-09-09,"BOXER SUPERSTORES RANDBURG","BOXER SUPERSTORES RANDBURG",,,,-754.70,,33271.58
86,62700723727,2026-09-11,2026-09-11,"SHELL ULTRA CITY","SHELL ULTRA CITY",,,,-372.08,,32899.50
87,62700723727,2026-09-12,2026-09-12,"DEBONAIRS PIZZA","DEBONAIRS PIZZA",,,,-187.76,,32711.74
88,62700723727,2026-09-16,2026-09-16,"PREPAID ELECTRICITY","PREPAID ELECTRICITY",,,,-184.81,,32526.93
89,62700723727,2026-09-17,2026-09-17,"USAVE SOWETO","USAVE SOWETO",,,,-702.26,,31824.67
90,62700723727,2026-09-18,2026-09-18,"ENGEN GARAGE","ENGEN GARAGE",,,,-366.43,,31458.24
91,62700723727,2026-09-20,2026-09-20,"ATM WITHDRAWAL","ATM WITHDRAWAL",,,,-700.00,,30758.24
92,62700723727,2026-09-21,2026-09-21,"DIS-CHEM PHARMACY","DIS-CHEM PHARMACY",,,,-194.49,,30563.75
93,62700723727,2026-09-22,2026-09-22,"HARDWARE STORE HOUSEHOLD","HARDWARE STORE HOUSEHOLD",,,,-98.71,,30465.04
94,62700723727,2026-09-25,2026-09-25,"SALARY METRO LOGISTICS","SALARY METRO LOGISTICS",,,23581.79,,,54046.83
95,62700723727,2026-09-25,2026-09-25,"MTN TELECOM ARREARS INSTALMENT","MTN TELECOM ARREARS INSTALMENT",,,,-350.00,,53696.83
96,62700723727,2026-09-25,2026-09-25,"SASOL GARAGE","SASOL GARAGE",,,,-363.40,,53333.43
97,62700723727,2026-09-25,2026-09-25,"CAPITEC CREDIT CARD PAYMENT","CAPITEC CREDIT CARD PAYMENT",,,,-439.28,,52894.15
98,62700723727,2026-09-26,2026-09-26,"SPAR RANDBURG","SPAR RANDBURG",,,,-760.54,,52133.61
99,62700723727,2026-09-27,2026-09-27,"DEBONAIRS PIZZA","DEBONAIRS PIZZA",,,,-208.57,,51925.04
