Nedbank Business — Pieter Van Wyk (demo data, not a real account)
Date;Description;Amount;Balance
01/06/2026;RENT JUNE LANDLORD;-9500,00;26555,28
02/06/2026;PREPAID ELECTRICITY;-431,87;26123,41
02/06/2026;PICK N PAY SOWETO;-1203,45;24919,96
03/06/2026;OUTSURANCE HOME AND CAR INSURANCE;-1500,00;23419,96
03/06/2026;DISCOVERY HEALTH MEDICAL SCHEME;-1650,00;21769,96
04/06/2026;ENGEN GARAGE N1;-769,96;21000,00
05/06/2026;INV PAYMENT KAROO BUILDERS;24300,36;45300,36
06/06/2026;VODACOM AIRTIME AND DATA;-419,68;44880,68
07/06/2026;CITY OF JOHANNESBURG RATES WATER;-566,50;44314,18
08/06/2026;POSTNET COPIES AND COURIER;-776,71;43537,47
09/06/2026;WOOLWORTHS FOOD RANDBURG;-1077,41;42460,06
11/06/2026;SHELL ULTRA CITY;-768,34;41691,72
12/06/2026;DSTV;-734,26;40957,46
12/06/2026;OCEAN BASKET;-768,58;40188,88
14/06/2026;INV PAYMENT CAPE STEEL;19093,14;59282,02
16/06/2026;PREPAID ELECTRICITY;-380,56;58901,46
17/06/2026;CHECKERS HYPER SOWETO;-1085,60;57815,86
18/06/2026;CLICKS PHARMACY;-521,17;57294,69
18/06/2026;ENGEN GARAGE;-718,25;56576,44
20/06/2026;ATM WITHDRAWAL;-1800,00;54776,44
22/06/2026;HARDWARE STORE HOUSEHOLD;-784,00;53992,44
24/06/2026;INV PAYMENT DE WET FARMS;14464,50;68456,94
25/06/2026;JET STORE CARD INSTALMENT;-350,00;68106,94
25/06/2026;SASOL GARAGE;-782,66;67324,28
25/06/2026;STANDARD BANK OVERDRAFT INSTALMENT;-2827,30;64496,98
25/06/2026;NEDBANK BUSINESS LOAN INSTALMENT;-3755,57;60741,41
25/06/2026;ABSA EQUIPMENT FINANCE INSTALMENT;-5024,51;55716,90
26/06/2026;SPAR RANDBURG;-1166,94;54549,96
27/06/2026;DSTV;-643,02;53906,94
27/06/2026;OCEAN BASKET;-672,97;53233,97
30/06/2026;MONTHLY ACCOUNT FEE;-250,00;52983,97
01/07/2026;RENT JULY LANDLORD;-9500,00;43483,97
02/07/2026;PREPAID ELECTRICITY;-421,83;43062,14
02/07/2026;PICK N PAY SOWETO;-1077,79;41984,35
03/07/2026;OUTSURANCE HOME AND CAR INSURANCE;-1500,00;40484,35
03/07/2026;DISCOVERY HEALTH MEDICAL SCHEME;-1650,00;38834,35
04/07/2026;ENGEN GARAGE N1;-745,83;38088,52
05/07/2026;INV PAYMENT KAROO BUILDERS;21682,44;59770,96
06/07/2026;VODACOM AIRTIME AND DATA;-423,68;59347,28
07/07/2026;CITY OF JOHANNESBURG RATES WATER;-536,91;58810,37
08/07/2026;POSTNET COPIES AND COURIER;-785,08;58025,29
09/07/2026;WOOLWORTHS FOOD RANDBURG;-1192,36;56832,93
11/07/2026;SHELL ULTRA CITY;-707,99;56124,94
12/07/2026;OCEAN BASKET;-660,15;55464,79
12/07/2026;DSTV;-769,45;54695,34
14/07/2026;INV PAYMENT CAPE STEEL;17036,20;71731,54
16/07/2026;PREPAID ELECTRICITY;-341,00;71390,54
17/07/2026;CHECKERS HYPER SOWETO;-1066,92;70323,62
18/07/2026;CLICKS PHARMACY;-556,20;69767,42
18/07/2026;ENGEN GARAGE;-703,36;69064,06
20/07/2026;ATM WITHDRAWAL;-1800,00;67264,06
22/07/2026;HARDWARE STORE HOUSEHOLD;-732,55;66531,51
24/07/2026;INV PAYMENT DE WET FARMS;12906,22;79437,73
25/07/2026;JET STORE CARD INSTALMENT;-350,00;79087,73
25/07/2026;SASOL GARAGE;-752,32;78335,41
25/07/2026;STANDARD BANK OVERDRAFT INSTALMENT;-2827,30;75508,11
25/07/2026;NEDBANK BUSINESS LOAN INSTALMENT;-3755,57;71752,54
25/07/2026;ABSA EQUIPMENT FINANCE INSTALMENT;-5024,51;66728,03
26/07/2026;SPAR RANDBURG;-1102,34;65625,69
27/07/2026;OCEAN BASKET;-728,67;64897,02
27/07/2026;DSTV;-820,49;64076,53
31/07/2026;MONTHLY ACCOUNT FEE;-250,00;63826,53
01/08/2026;RENT AUGUST LANDLORD;-9500,00;54326,53
02/08/2026;PREPAID ELECTRICITY;-426,97;53899,56
02/08/2026;PICK N PAY SOWETO;-1048,00;52851,56
03/08/2026;OUTSURANCE HOME AND CAR INSURANCE;-1500,00;51351,56
03/08/2026;DISCOVERY HEALTH MEDICAL SCHEME;-1650,00;49701,56
04/08/2026;ENGEN GARAGE N1;-786,70;48914,86
05/08/2026;INV PAYMENT KAROO BUILDERS;23401,61;72316,47
06/08/2026;VODACOM AIRTIME AND DATA;-439,50;71876,97
07/08/2026;CITY OF JOHANNESBURG RATES WATER;-537,06;71339,91
08/08/2026;POSTNET COPIES AND COURIER;-744,82;70595,09
09/08/2026;WOOLWORTHS FOOD RANDBURG;-1093,13;69501,96
11/08/2026;SHELL ULTRA CITY;-796,13;68705,83
12/08/2026;DSTV;-834,40;67871,43
12/08/2026;OCEAN BASKET;-920,10;66951,33
14/08/2026;INV PAYMENT CAPE STEEL;18386,98;85338,31
16/08/2026;PREPAID ELECTRICITY;-346,46;84991,85
17/08/2026;CHECKERS HYPER SOWETO;-1060,09;83931,76
18/08/2026;CLICKS PHARMACY;-523,28;83408,48
18/08/2026;ENGEN GARAGE;-747,98;82660,50
20/08/2026;ATM WITHDRAWAL;-1800,00;80860,50
22/08/2026;HARDWARE STORE HOUSEHOLD;-713,37;80147,13
24/08/2026;INV PAYMENT DE WET FARMS;13929,53;94076,66
25/08/2026;JET STORE CARD INSTALMENT;-350,00;93726,66
25/08/2026;SASOL GARAGE;-702,58;93024,08
25/08/2026;STANDARD BANK OVERDRAFT INSTALMENT;-2827,30;90196,78
25/08/2026;NEDBANK BUSINESS LOAN INSTALMENT;-3755,57;86441,21
25/08/2026;ABSA EQUIPMENT FINANCE INSTALMENT;-5024,51;81416,70
26/08/2026;SPAR RANDBURG;-1178,16;80238,54
27/08/2026;DSTV;-565,93;79672,61
27/08/2026;OCEAN BASKET;-804,44;78868,17
31/08/2026;MONTHLY ACCOUNT FEE;-250,00;78618,17
01/09/2026;RENT SEPTEMBER LANDLORD;-9500,00;69118,17
02/09/2026;PREPAID ELECTRICITY;-476,50;68641,67
02/09/2026;PICK N PAY SOWETO;-1110,44;67531,23
03/09/2026;OUTSURANCE HOME AND CAR INSURANCE;-1500,00;66031,23
03/09/2026;DISCOVERY HEALTH MEDICAL SCHEME;-1650,00;64381,23
04/09/2026;ENGEN GARAGE N1;-726,18;63655,05
05/09/2026;INV PAYMENT KAROO BUILDERS;25114,72;88769,77
06/09/2026;VODACOM AIRTIME AND DATA;-477,31;88292,46
07/09/2026;CITY OF JOHANNESBURG RATES WATER;-565,90;87726,56
08/09/2026;POSTNET COPIES AND COURIER;-731,16;86995,40
09/09/2026;WOOLWORTHS FOOD RANDBURG;-1087,06;85908,34
11/09/2026;SHELL ULTRA CITY;-755,53;85152,81
12/09/2026;DSTV;-744,03;84408,78
12/09/2026;OCEAN BASKET;-921,77;83487,01
14/09/2026;INV PAYMENT CAPE STEEL;19733,00;103220,01
16/09/2026;PREPAID ELECTRICITY;-370,48;102849,53
17/09/2026;CHECKERS HYPER SOWETO;-1163,36;101686,17
18/09/2026;CLICKS PHARMACY;-522,70;101163,47
18/09/2026;ENGEN GARAGE;-762,52;100400,95
20/09/2026;ATM WITHDRAWAL;-1800,00;98600,95
22/09/2026;HARDWARE STORE HOUSEHOLD;-798,59;97802,36
24/09/2026;INV PAYMENT DE WET FARMS;14949,24;112751,60
25/09/2026;JET STORE CARD INSTALMENT;-350,00;112401,60
25/09/2026;SASOL GARAGE;-740,29;111661,31
25/09/2026;STANDARD BANK OVERDRAFT INSTALMENT;-2827,30;108834,01
25/09/2026;NEDBANK BUSINESS LOAN INSTALMENT;-3755,57;105078,44
25/09/2026;ABSA EQUIPMENT FINANCE INSTALMENT;-5024,51;100053,93
26/09/2026;SPAR RANDBURG;-1126,59;98927,34
27/09/2026;DSTV;-612,70;98314,64
27/09/2026;OCEAN BASKET;-841,77;97472,87
